first_name,last_name,email,ip_address,address,city,lon,lat
Jens,Biggin,jbiggin0@tripadvisor.com,31.106.122.143,4 Golf View Park,Sidayu,112.5364292,-6.9860581
Shaylyn,Burle,sburle1@jiathis.com,174.105.202.34,9648 Oak Valley Court,Makoko,3.3880288,6.4990277
Sigfried,Donizeau,sdonizeau2@51.la,233.43.233.207,881 Golf Park,Wakapuken,123.2055,-8.3426
Claire,Caccavella,ccaccavella3@senate.gov,249.132.1.255,88920 Upham Junction,Greystones,-6.0704904,53.1286984
Lancelot,Boribal,lboribal4@ft.com,255.188.192.75,34336 Hermina Pass,Novouzensk,48.1450932,50.4438122
Alecia,Shinton,ashinton5@spotify.com,207.15.166.214,52 Mallard Way,Casal,-8.4777484,40.9303746
Milli,Dumbellow,mdumbellow6@stanford.edu,207.54.138.105,0282 Sheridan Circle,Ābyek,50.5446161,36.040428
Veronica,Woolard,vwoolard7@soup.io,174.86.201.106,79799 Express Avenue,Al Mazra‘ah ash Sharqīyah,35.28152,32.00018
Martie,Snoxill,msnoxill8@omniture.com,217.62.176.162,15829 Mallard Avenue,Kampong Speu,104.3791912,11.6155109
Fielding,Harder,fharder9@weather.com,117.22.228.109,8 Corscot Alley,Bazar-Korgon,72.7392711,41.0285386
Erena,Ianetti,eianettia@ft.com,108.48.104.42,723 Mcguire Crossing,Sovetskaya Gavan’,140.2653547,48.9755228
Yolanda,Rodgers,yrodgersb@mozilla.org,111.112.188.255,1 Carioca Junction,Petaẖ Tiqwa,34.887762,32.084041
Winifred,Draisey,wdraiseyc@goodreads.com,47.62.59.49,05 Stuart Terrace,Amboasary,45.95,-24.333333
Sheila,Ofen,sofend@un.org,201.52.250.7,96 Johnson Point,Naryn,75.9840587,41.4273946
Ricardo,Fairpool,rfairpoole@tripod.com,104.196.103.204,244 Monument Point,Sharïngol,106.4385875,49.2575136
Christen,Ygoe,cygoef@rediff.com,234.223.151.195,63143 Marcy Lane,Ngandangan,111.464,-6.695
Kandy,Sallowaye,ksallowayeg@g.co,155.114.64.198,8 John Wall Point,Bendan,109.6646748,-6.892162
Rudiger,Klaaassen,rklaaassenh@earthlink.net,92.60.7.36,335 Welch Place,Shali,45.9011736,43.1463186
Jesus,Birchwood,jbirchwoodi@friendfeed.com,61.134.175.110,09200 Utah Court,Huocheng,80.874181,44.053592
Nye,Riggoll,nriggollj@vimeo.com,133.26.173.126,814 Kedzie Lane,Rijeka,14.442176,45.3270631
Clarine,Gras,cgrask@barnesandnoble.com,102.254.250.162,4412 Fallview Trail,Pridonskoy,39.0891762,51.6521236
Barbara-anne,Jerok,bjerokl@phoca.cz,99.45.62.218,9892 Vidon Street,Chong’ansi,112.523522,28.498317
Kira,Hallahan,khallahanm@surveymonkey.com,80.192.155.46,9 Little Fleur Road,Falefa,-171.5877457,-13.8875282
Silvie,Glenton,sglentonn@wp.com,221.2.147.248,48 Ridgeview Junction,Mahdishahr,53.3420351,35.7029747
Sari,Rampley,srampleyo@mediafire.com,80.33.40.172,27911 Utah Circle,Petiga,115.180023,-8.4378527
Clim,Fenby,cfenbyp@wired.com,218.179.233.227,0333 Oakridge Trail,Shijia,117.136252,29.649109
Luis,Jorio,ljorioq@facebook.com,237.118.91.127,06039 Oneill Trail,Al Manāqil,33.000095,14.2549626
Carmelita,Wilbud,cwilbudr@hatena.ne.jp,43.144.170.248,901 Rockefeller Hill,Dong Charoen,100.5971361,16.0125041
Jodi,Kirrens,jkirrenss@redcross.org,53.221.198.65,590 Dexter Hill,Bang Ban,100.464947,14.4050979
Chrotoem,McGurk,cmcgurkt@so-net.ne.jp,82.74.2.215,381 Schiller Trail,Verkhozim,45.4271291,52.7112627
Verge,Mariette,vmarietteu@alexa.com,233.72.221.70,94 Boyd Lane,Repentigny,-73.5471039,45.716147
Spence,Luscombe,sluscombev@npr.org,62.112.204.246,4308 Larry Street,Riyue,114.1250751,22.5493001
Nikolos,Ninnoli,nninnoliw@bbc.co.uk,221.165.136.175,0763 International Court,Ovidiopol’,30.4372882,46.2519995
Balduin,Ksandra,bksandrax@mlb.com,192.34.252.226,7 Longview Place,Sidaurip,109.2861268,-7.690753
Elana,Hilliam,ehilliamy@reddit.com,37.33.56.213,90 Sycamore Way,Yelizavetinskoye,43.34944,45.00722
Pavia,Tunkin,ptunkinz@github.com,80.92.96.164,776 Spenser Park,Enjiang,119.425836,32.187849
Kippy,Pryor,kpryor10@pagesperso-orange.fr,218.88.185.164,4891 Summit Center,Bajing,116.4073963,39.9041999
Karoly,Sheward,ksheward11@zdnet.com,179.14.33.158,12 Jana Terrace,København,12.5510678,55.6735947
Laurette,Winkle,lwinkle12@flavors.me,104.116.143.57,9683 Anthes Crossing,Bertoua,13.6767958,4.5791946
Allan,Macy,amacy13@walmart.com,64.11.121.239,959 Blaine Center,Aba,7.3732655,5.1215877
Barby,Outlaw,boutlaw14@cam.ac.uk,237.252.63.36,014 Farwell Pass,Keputran,112.7435171,-7.2832314
Rafaellle,Gainsbury,rgainsbury15@parallels.com,41.54.58.153,9167 Johnson Circle,Rogoza,15.6702113,46.4979131
Gayelord,Bunclark,gbunclark16@ezinearticles.com,75.123.223.3,3152 Beilfuss Circle,Conchopata,-74.2152331,-13.1612425
Shandy,Duetschens,sduetschens17@phoca.cz,56.78.7.189,94 Utah Place,Теарце,21.0523541,42.075123
Augustine,Gettings,agettings18@dagondesign.com,239.165.200.72,8 Hagan Park,Kcynia,17.4884299,52.99166
Lin,Sommerling,lsommerling19@marriott.com,114.226.213.154,708 David Drive,Yanggu,127.9898825,38.1100701
Jocelyn,Moncur,jmoncur1a@bloglines.com,252.162.199.168,3833 Pine View Trail,Ogurugu,6.9490955,6.7866898
Catrina,Gorusso,cgorusso1b@reuters.com,37.173.129.103,4 Milwaukee Court,Cercal,-9.0073673,39.2256483
Read,Ketley,rketley1c@tinypic.com,255.59.103.236,67067 Bayside Trail,Badajoz,-6.9786326,38.8744567
Adoree,MacFadden,amacfadden1d@printfriendly.com,181.96.113.187,22 Superior Court,Flores da Cunha,-51.2003761,-29.0303854
Tera,Burford,tburford1e@shop-pro.jp,118.16.15.224,095 Waubesa Trail,Luka nad Jihlavou,15.7019393,49.374032
Kathie,Gregoli,kgregoli1f@feedburner.com,45.96.123.192,4 Parkside Street,Sukahening,108.1013637,-7.2026914
Franciska,Kittman,fkittman1g@domainmarket.com,157.176.209.87,8 Mayer Hill,Montenegro,-51.4684153,-29.6829126
Sabina,Gipp,sgipp1h@thetimes.co.uk,234.179.97.170,53 Schmedeman Pass,El Cortezo,-80.5924449,8.3487476
Chauncey,Slocumb,cslocumb1i@github.io,53.5.208.65,911 Buena Vista Junction,Yessentuki,42.8429639,44.0519136
Hammad,Syphas,hsyphas1j@admin.ch,92.42.182.235,201 Butterfield Road,Vranje,21.9002712,42.5450345
Elka,Goodwill,egoodwill1k@state.tx.us,4.29.72.92,1078 Blackbird Court,Katyuzhanka,30.1345542,50.8018212
Rosita,Aspinall,raspinall1l@google.ru,195.206.222.220,8 Carioca Street,Donghui,106.929757,27.719827
Fionna,Lawson,flawson1m@wisc.edu,84.68.94.149,4104 Saint Paul Junction,Rybinsk,38.6043668,58.0312993
Raoul,Boar,rboar1n@tinypic.com,252.191.105.155,6701 Morningstar Lane,Rozwadza,18.0987896,50.4350286
Tadeo,Kineton,tkineton1o@myspace.com,94.11.221.115,93 Hoffman Alley,Tëplaya Gora,59.0754123,58.5336853
Frannie,Cherryman,fcherryman1p@rediff.com,13.232.60.77,3084 Blackbird Place,Götene,13.4761783,58.5118215
Faunie,Vasilechko,fvasilechko1q@de.vu,214.25.43.9,7395 Eastlawn Street,Lindavista,-100.956682,21.1494763
Lindsay,Ferrara,lferrara1r@foxnews.com,117.89.152.206,3535 Dahle Way,Serzedelo,-8.3684974,41.4023768
Gladys,Berney,gberney1s@digg.com,145.129.10.157,501 Mayfield Park,Titiakar,101.585899,2.028983
Sula,Dressel,sdressel1t@redcross.org,228.143.46.118,88 Waubesa Center,Cañada de Gómez,-58.5017947,-34.6637851
Graehme,Aberhart,gaberhart1u@diigo.com,91.94.175.18,9917 Westport Terrace,Ash Shiḩr,49.6044141,14.7634494
Ralina,Crocombe,rcrocombe1v@xinhuanet.com,44.140.201.83,5 Scofield Crossing,Dikson,30.3516338,59.9638414
Vin,Ottewill,vottewill1w@cpanel.net,199.214.77.155,52479 Hayes Trail,Totolan,123.8501765,9.6356686
Corabelle,Burfitt,cburfitt1x@netvibes.com,222.103.164.141,60297 Gateway Junction,Lapai,6.663812,8.6899208
Waring,Stollsteimer,wstollsteimer1y@theatlantic.com,203.1.69.196,1236 Linden Alley,Petrópolis,-43.1779137,-22.5112638
Nanni,Mapp,nmapp1z@flavors.me,25.56.160.32,40 Bluejay Park,Chengjiao,112.571923,28.260141
Astrix,Loos,aloos20@ebay.co.uk,171.212.26.92,12 Monterey Plaza,Passos,-8.5821823,41.1296379
Gayla,Berrisford,gberrisford21@mail.ru,29.209.240.183,9754 Meadow Ridge Street,Mikun’,50.0762432,62.3565057
Jethro,Niccols,jniccols22@bloglovin.com,122.187.142.36,16 Marcy Trail,Fatuulan,124.6248039,-9.9097428
Derron,Prebble,dprebble23@bizjournals.com,0.91.159.163,9 Fordem Trail,Mufumbwe,24.8,-13.683333
Porter,Golthorpp,pgolthorpp24@va.gov,80.245.184.115,440 Roxbury Pass,Pego Longo,-9.2576801,38.7699889
Yovonnda,McGinlay,ymcginlay25@slideshare.net,176.216.127.223,3687 Eagle Crest Circle,Naebugis,119.0069,-8.5774
Murray,Guilloton,mguilloton26@wikia.com,13.186.27.157,33 Melrose Plaza,Nejo,35.5011298,9.4934042
Olav,Hurran,ohurran27@bravesites.com,144.181.197.118,70 Lien Crossing,Lingdangge,117.158719,39.1441
Wilek,Duchesne,wduchesne28@amazon.co.uk,0.162.172.117,16052 Crownhardt Point,Duwe,98.8076849,3.60783
Larry,Farreil,lfarreil29@nasa.gov,52.1.99.167,02621 Fordem Junction,Akhaltsikhe,42.9934449,41.6434293
Brita,Duckels,bduckels2a@pinterest.com,181.54.34.237,046 8th Road,Pangu,116.386545,39.993684
Luther,Cosham,lcosham2b@netlog.com,196.119.152.68,39 Grayhawk Court,Kochenëvo,82.202,55.0218
Quintana,Aubery,qaubery2c@t-online.de,198.57.39.10,729 Independence Terrace,Stavropol’,42.0328581,44.9544161
Ruby,Sherburn,rsherburn2d@yellowbook.com,94.189.191.106,80 Mandrake Pass,Joyabaj,-90.8072101,14.9941724
Walden,Gloucester,wgloucester2e@ed.gov,174.38.67.33,7141 Parkside Court,Novotroitsk,44.8151638,54.3843215
Evangelina,Wilcockes,ewilcockes2f@japanpost.jp,1.220.181.171,35977 Grasskamp Alley,Antioquia,-75.7720328,6.6169319
Jeffrey,Moody,jmoody2g@alexa.com,87.0.51.186,0996 Sloan Pass,Samuhú,-60.3884354,-27.5245743
Kamilah,Casford,kcasford2h@upenn.edu,168.239.187.195,8 Bartillon Point,Malārd,50.9762063,35.6574826
Berri,Hyndman,bhyndman2i@xing.com,0.221.121.122,5 Sheridan Place,Jindong,119.692696,29.099294
Carline,Rolin,crolin2j@unicef.org,214.183.210.183,001 Ramsey Plaza,Chiclayo,-79.8442978,-6.7765974
Jordain,Lebang,jlebang2k@cornell.edu,205.219.74.16,737 Forest Dale Road,Estância,-37.43854,-11.268661
Eben,Cadden,ecadden2l@deliciousdays.com,249.205.110.55,65 Del Sol Alley,Raleigh,-78.6169494,35.8054733
Roxana,Hubbins,rhubbins2m@un.org,201.0.184.166,36380 Laurel Pass,Rutana,29.9899512,-3.9257199
Carlin,Battany,cbattany2n@bravesites.com,161.235.106.240,7257 Marcy Place,Tigpalay,122.3399664,7.4854917
Codi,McCuthais,cmccuthais2o@360.cn,93.49.38.82,37109 Anzinger Hill,Strawczyn,20.4081061,50.9524702
Mirna,Hartness,mhartness2p@drupal.org,136.46.181.95,0963 Talisman Drive,Stockholm,18.0347134,59.3412977
Howard,Gilmartin,hgilmartin2q@wikipedia.org,18.166.157.130,98508 Clemons Hill,Shantoudian,117.743378,32.644699
Gabe,Claxson,gclaxson2r@oracle.com,10.154.128.240,0 Glacier Hill Terrace,Pyatovskiy,39.8052121,57.6438118
